x,y,value
287.0000002,-55,77550.26572418213
289.0000002,-55,57585.8831665039
291.0000002,-55,88309.32803192138
293.0000002,-55,112419.10336914062
295.0000002,-55,13938.7373046875
285.0000002,-52.9999998,36232.13414916992
287.0000002,-52.9999998,239508.16510314943
289.0000002,-52.9999998,119629.40153808593
291.0000002,-52.9999998,51770.16975402832
287.0000002,-50.9999998,28859.613708496094
289.0000002,-50.9999998,117809.79947509765
291.0000002,-50.9999998,26369.804614257813
289.0000002,-48.9999998,5179.728247070312
291.0000002,-48.9999998,24157.51079711914
293.0000002,-48.9999998,9640.105670166016
167.0000002,-46.9999998,211774.01813812257
169.0000002,-46.9999998,98564.14028625489
287.0000002,-46.9999998,942.3841186523438
289.0000002,-46.9999998,5461.370751953125
291.0000002,-46.9999998,28207.068310546874
293.0000002,-46.9999998,30426.432543945313
167.0000002,-44.9999998,26313.251420021057
169.0000002,-44.9999998,390306.9855621338
171.0000002,-44.9999998,232001.37302246096
169.0000002,-42.9999998,4355.930484008789
171.0000002,-42.9999998,213994.33489990234
173.0000002,-42.9999998,840885.9055053712
293.0000002,-42.9999998,84259.52052612304
295.0000002,-42.9999998,608276.2212158203
171.0000002,-40.9999998,18835.699681091308
173.0000002,-40.9999998,130750.9350830078
285.0000002,-40.9999998,34785.5462890625
287.0000002,-40.9999998,359562.99765625
291.0000002,-40.9999998,350.86195068359376
293.0000002,-40.9999998,23921.573828124998
295.0000002,-40.9999998,112696.97663574219
297.0000002,-40.9999998,33637.990478515625
147.0000002,-38.9999998,750.4359130859375
285.0000002,-38.9999998,12168.2607421875
287.0000002,-38.9999998,1506129.072265625
291.0000002,-38.9999998,1541.7435546875
293.0000002,-38.9999998,135941.12788085936
137.0000002,-36.9999998,72.32151927947999
139.0000002,-36.9999998,218.16011657714844
285.0000002,-36.9999998,201540.7984375
287.0000002,-36.9999998,7958738.96171875
289.0000002,-36.9999998,272175.92885742185
291.0000002,-36.9999998,17431.371630859376
301.0000002,-36.9999998,24611.400244140626
115.0000002,-34.9999998,52938.71745300293
117.0000002,-34.9999998,202226.90950012207
119.0000002,-34.9999998,3037.2926300048825
135.0000002,-34.9999998,22852.869051742553
137.0000002,-34.9999998,132580.48028411865
139.0000002,-34.9999998,1299628.302319336
149.0000002,-34.9999998,5281.828564453125
173.0000002,-34.9999998,3654.9373168945312
287.0000002,-34.9999998,2346814.0708984374
289.0000002,-34.9999998,2479751.38515625
291.0000002,-34.9999998,158035.89250488282
301.0000002,-34.9999998,7760558.21171875
303.0000002,-34.9999998,2013209.5066085814
115.0000002,-32.9999998,5301003.0722320555
117.0000002,-32.9999998,117607.670703125
119.0000002,-32.9999998,9778.036758422852
121.0000002,-32.9999998,938.2700616836548
127.00000019999999,-32.9999998,15.638921070098878
131.0000002,-32.9999998,4.4313617706298825
133.0000002,-32.9999998,19851.413649225236
135.0000002,-32.9999998,11292.57193069458
137.0000002,-32.9999998,79312.09068336486
139.0000002,-32.9999998,13985.28565673828
149.0000002,-32.9999998,112729.85883789063
151.0000002,-32.9999998,929115.2703125
281.0000002,-32.9999998,865.1164916992187
287.0000002,-32.9999998,1492932.4171875
289.0000002,-32.9999998,11517478.707812501
293.0000002,-32.9999998,58458.11435546875
305.0000002,-32.9999998,1854.1151611328125
307.0000002,-32.9999998,510089.57861328125
115.0000002,-30.9999998,6178175.931642818
117.0000002,-30.9999998,104297.75257720948
119.0000002,-30.9999998,2157.6498722076417
121.0000002,-30.9999998,43.849807548522946
129.0000002,-30.9999998,205.9334659576416
131.0000002,-30.9999998,1432.003334450722
133.0000002,-30.9999998,2131.3211194634437
135.0000002,-30.9999998,516.575546836853
137.0000002,-30.9999998,27314.373004531863
139.0000002,-30.9999998,524.9292648792267
141.0000002,-30.9999998,125.52773656845093
143.0000002,-30.9999998,58.31601257324219
145.0000002,-30.9999998,36.3857421875
151.0000002,-30.9999998,807.8547729492187
287.0000002,-30.9999998,216969.73447265624
289.0000002,-30.9999998,1123507.9800292968
291.0000002,-30.9999998,55580.21040039063
293.0000002,-30.9999998,73484.21765136719
295.0000002,-30.9999998,198514.2822265625
305.0000002,-30.9999998,271662.54096679686
307.0000002,-30.9999998,890260.2938476562
309.0000002,-30.9999998,33498.412426757815
25.0000002,-28.9999998,694680.55029296875
27.0000002,-28.9999998,6317547.878515625
29.0000002,-28.9999998,937773.171875
113.0000002,-28.9999998,1124.58994140625
115.0000002,-28.9999998,198068.01367263793
117.0000002,-28.9999998,4227.970457458496
119.0000002,-28.9999998,42.39281005859375
133.0000002,-28.9999998,208.9077276468277
135.0000002,-28.9999998,6273.329083442689
137.0000002,-28.9999998,415.1254035949707
139.0000002,-28.9999998,251.03663692474365
141.0000002,-28.9999998,181.4212884902954
143.0000002,-28.9999998,127.18908519744873
289.0000002,-28.9999998,1622846.670996094
291.0000002,-28.9999998,105755.5478515625
293.0000002,-28.9999998,165196.8572265625
303.0000002,-28.9999998,76791.21552734374
305.0000002,-28.9999998,1077990.9501953125
307.0000002,-28.9999998,384547.4984375
25.0000002,-26.9999998,2324679.873046875
27.0000002,-26.9999998,77311042.7078125
29.0000002,-26.9999998,5657831.1703125
31.000000200000002,-26.9999998,605423.4640625
33.0000002,-26.9999998,114844.051171875
113.0000002,-26.9999998,4883.018408203125
115.0000002,-26.9999998,608.2566486358643
117.0000002,-26.9999998,3704.605312538147
119.0000002,-26.9999998,3095.482914543152
125.0000002,-26.9999998,108.66262798309326
127.00000019999999,-26.9999998,2290.1292005062105
129.0000002,-26.9999998,2384.6197315216064
131.0000002,-26.9999998,2.1982844829559327
133.0000002,-26.9999998,963.4342614173889
135.0000002,-26.9999998,1053.0974269866942
137.0000002,-26.9999998,224.40975332260132
139.0000002,-26.9999998,22.554291439056396
141.0000002,-26.9999998,46.72110033035278
251.0000002,-26.9999998,30617.489062499997
289.0000002,-26.9999998,848472.6986328125
291.0000002,-26.9999998,486217.72720336914
293.0000002,-26.9999998,4998.5818359375
301.0000002,-26.9999998,115737.6294921875
303.0000002,-26.9999998,310727.184765625
305.0000002,-26.9999998,662583.42109375
23.0000002,-24.9999998,71995.39975585938
25.0000002,-24.9999998,2356382.443066406
27.0000002,-24.9999998,26391078.445117187
29.0000002,-24.9999998,9415879.6078125
31.000000200000002,-24.9999998,63838.8375
33.0000002,-24.9999998,985983.511328125
35.0000002,-24.9999998,400014.37187499995
45.0000002,-24.9999998,1975400.5784179687
47.0000002,-24.9999998,648279.2757896424
113.0000002,-24.9999998,11538.403039026261
115.0000002,-24.9999998,62.506370067596436
117.0000002,-24.9999998,276.6854553222656
119.0000002,-24.9999998,264.4845216751099
125.0000002,-24.9999998,132.73819694519042
127.00000019999999,-24.9999998,2833.4010570526125
129.0000002,-24.9999998,1592.5870973587037
131.0000002,-24.9999998,269.4872741699219
133.0000002,-24.9999998,1097.598820400238
135.0000002,-24.9999998,168.03301029205323
289.0000002,-24.9999998,78157.55761108398
291.0000002,-24.9999998,582434.4306732178
293.0000002,-24.9999998,208563.33109741213
295.0000002,-24.9999998,347222.4125
299.0000002,-24.9999998,22625.3658203125
301.0000002,-24.9999998,66738.55546875
307.0000002,-24.9999998,166744.22578125
15.000000199999999,-22.9999998,1515.374005126953
17.0000002,-22.9999998,43073.782214355466
33.0000002,-22.9999998,58288.35810546875
35.0000002,-22.9999998,2380333.4068359374
45.0000002,-22.9999998,273496.1390625
47.0000002,-22.9999998,2970766.0078125
113.0000002,-22.9999998,938.7314735412597
115.0000002,-22.9999998,1038.209038925171
117.0000002,-22.9999998,6855.315225982666
119.0000002,-22.9999998,2273.4096435546876
125.0000002,-22.9999998,46.59864609241485
127.00000019999999,-22.9999998,974.1521511077881
129.0000002,-22.9999998,1968.471963071823
131.0000002,-22.9999998,90.43372650146483
133.0000002,-22.9999998,29583.021753311157
135.0000002,-22.9999998,765.1659614562988
209.0000002,-22.9999998,10979.555847167969
211.0000002,-22.9999998,7673.6373291015625
289.0000002,-22.9999998,26816.345703125
291.0000002,-22.9999998,62619.59604492188
293.0000002,-22.9999998,27888.220092773438
295.0000002,-22.9999998,62784.11171875
299.0000002,-22.9999998,20051.864038085936
301.0000002,-22.9999998,12072.713403320313
307.0000002,-22.9999998,2992884.4671875
309.0000002,-22.9999998,3988888.1640625
33.0000002,-20.9999998,876567.2144531249
35.0000002,-20.9999998,231977.60859375
43.0000002,-20.9999998,630.3632080078125
55.0000002,-20.9999998,2528313.459375
57.0000002,-20.9999998,3631229.9519531247
113.0000002,-20.9999998,4726.11982421875
115.0000002,-20.9999998,902.9132225036622
117.0000002,-20.9999998,2025.3861268043518
119.0000002,-20.9999998,15404.735533905028
291.0000002,-20.9999998,1876.5597412109373
299.0000002,-20.9999998,14469.296749877929
301.0000002,-20.9999998,24035.992178344728
303.0000002,-20.9999998,112157.07520751953
305.0000002,-20.9999998,1147450.2224609375
307.0000002,-20.9999998,490509.2181640625
309.0000002,-20.9999998,2214390.3875
313.0000002,-20.9999998,186105.1240234375
315.0000002,-20.9999998,1506977.86015625
317.0000002,-20.9999998,119830.56875
35.0000002,-18.9999998,518933.30908203125
37.0000002,-18.9999998,91614.6703125
63.0000002,-18.9999998,123861.7734375
121.0000002,-18.9999998,645.2927978515625
145.0000002,-18.9999998,12097.415637207032
215.0000002,-18.9999998,215.2072811126709
289.0000002,-18.9999998,49287.4109375
291.0000002,-18.9999998,87895.56254882812
293.0000002,-18.9999998,925942.2615234375
295.0000002,-18.9999998,65599.106640625
297.0000002,-18.9999998,152826.04165039063
299.0000002,-18.9999998,78478.3449432373
301.0000002,-18.9999998,275360.67350158695
303.0000002,-18.9999998,18359.932046508788
305.0000002,-18.9999998,739722.7588928223
313.0000002,-18.9999998,230540.43203125
315.0000002,-18.9999998,5626624.09453125
317.0000002,-18.9999998,397320.10781250003
45.0000002,-16.9999998,219778.663671875
47.0000002,-16.9999998,1069041.99609375
49.0000002,-16.9999998,680753.7578125
143.0000002,-16.9999998,43.71298255920411
145.0000002,-16.9999998,41674.021185302736
207.0000002,-16.9999998,5759.21123046875
209.0000002,-16.9999998,269821.14609375
211.0000002,-16.9999998,135702.89375
289.0000002,-16.9999998,796239.701953125
291.0000002,-16.9999998,4530695.454199219
293.0000002,-16.9999998,3612601.374609375
295.0000002,-16.9999998,236257.2525390625
297.0000002,-16.9999998,1983022.9923828125
299.0000002,-16.9999998,76725.34824218751
301.0000002,-16.9999998,39838.80235290527
303.0000002,-16.9999998,6294.119720458984
305.0000002,-16.9999998,282097.72834472655
307.0000002,-16.9999998,783.0398193359375
315.0000002,-16.9999998,791756.8984375
317.0000002,-16.9999998,107549.2490234375
353.0000002,-16.9999998,60.321143341064456
33.0000002,-14.9999998,2118102.35625
35.0000002,-14.9999998,3088694.584375
45.0000002,-14.9999998,283963.9889038086
47.0000002,-14.9999998,522877.33076171874
215.0000002,-14.9999998,8142.972671508789
219.0000002,-14.9999998,1297.5565673828125
283.0000002,-14.9999998,260935.24375
285.0000002,-14.9999998,78390.575390625
287.0000002,-14.9999998,44903.957421875
289.0000002,-14.9999998,1541263.1147460938
291.0000002,-14.9999998,784870.1149902344
299.0000002,-14.9999998,37585.29018554687
301.0000002,-14.9999998,4048.985247802734
303.0000002,-14.9999998,99737.2814453125
305.0000002,-14.9999998,182391.48424072267
307.0000002,-14.9999998,13721.154345703126
311.0000002,-14.9999998,13284.92578125
313.0000002,-14.9999998,3963.173779296875
315.0000002,-14.9999998,523885.777734375
317.0000002,-14.9999998,474570.16171874997
319.0000002,-14.9999998,236622.609375
321.0000002,-14.9999998,572739.0890625
353.0000002,-14.9999998,3165.3609375
33.0000002,-12.9999998,471386.78125
35.0000002,-12.9999998,642013.66640625
37.0000002,-12.9999998,31547.760375976562
39.0000002,-12.9999998,211115.983203125
41.0000002,-12.9999998,13314.5560546875
45.0000002,-12.9999998,221239.78294830324
177.0000002,-12.9999998,3347.0119140625
283.0000002,-12.9999998,31068976.609570313
285.0000002,-12.9999998,7561454.333203125
287.0000002,-12.9999998,1336939.5625
289.0000002,-12.9999998,117743.54541015625
291.0000002,-12.9999998,12009.916040039063
293.0000002,-12.9999998,1511.3319702148438
295.0000002,-12.9999998,39952.76477050781
297.0000002,-12.9999998,76587.76803894043
299.0000002,-12.9999998,1440101.979638672
301.0000002,-12.9999998,210105.75346565247
303.0000002,-12.9999998,37041.24643554687
305.0000002,-12.9999998,5480.21279296875
307.0000002,-12.9999998,5752.595849609375
309.0000002,-12.9999998,18617.693768310546
311.0000002,-12.9999998,33803.78852539063
313.0000002,-12.9999998,454855.0524902344
315.0000002,-12.9999998,1963580.2182128907
317.0000002,-12.9999998,2893198.3767578127
319.0000002,-12.9999998,3204343.300390625
321.0000002,-12.9999998,42238098.51056519
31.000000200000002,-10.9999998,192410.134375
33.0000002,-10.9999998,2187514.138671875
35.0000002,-10.9999998,3900572.3125
37.0000002,-10.9999998,1636739.44921875
39.0000002,-10.9999998,9240261.674414063
41.0000002,-10.9999998,19806.482226562497
281.0000002,-10.9999998,1697720.4276367188
283.0000002,-10.9999998,40854999.77382813
285.0000002,-10.9999998,5524109.545800782
287.0000002,-10.9999998,123137.15689697265
289.0000002,-10.9999998,3572.3760681152344
295.0000002,-10.9999998,82305.23420410157
297.0000002,-10.9999998,961959.5873046875
299.0000002,-10.9999998,1278992.8250144958
301.0000002,-10.9999998,1002263.5266418457
303.0000002,-10.9999998,34737.72662658691
307.0000002,-10.9999998,47728.96274414063
309.0000002,-10.9999998,77071.72759246826
311.0000002,-10.9999998,673380.2041015625
313.0000002,-10.9999998,83746.09957275391
315.0000002,-10.9999998,425484.75732421875
317.0000002,-10.9999998,2885953.5444335938
319.0000002,-10.9999998,6133758.81328125
321.0000002,-10.9999998,10346108.6296875
323.0000002,-10.9999998,14794755.125
31.000000200000002,-8.9999998,3547495.971875
33.0000002,-8.9999998,12138842.365039062
35.0000002,-8.9999998,4416712.39765625
37.0000002,-8.9999998,1228493.8086486817
39.0000002,-8.9999998,1752132.1428710937
45.0000002,-8.9999998,1176.0058837890624
115.0000002,-8.9999998,2901336.8625
117.0000002,-8.9999998,1627091.2078125
119.0000002,-8.9999998,421377.0875
127.00000019999999,-8.9999998,18351.22529296875
129.0000002,-8.9999998,7140.222705078125
131.0000002,-8.9999998,18726.351171875
281.0000002,-8.9999998,544770.5375000001
283.0000002,-8.9999998,2247452.148046875
285.0000002,-8.9999998,1263829.1192382812
287.0000002,-8.9999998,204060.65799865723
289.0000002,-8.9999998,261814.45217285157
299.0000002,-8.9999998,53671.36628875732
301.0000002,-8.9999998,425946.06165771483
309.0000002,-8.9999998,69655.29648437501
311.0000002,-8.9999998,83973.662109375
317.0000002,-8.9999998,1474201.400402832
319.0000002,-8.9999998,6705680.465625
321.0000002,-8.9999998,4074942.3107910156
323.0000002,-8.9999998,37761446.565625004
325.0000002,-8.9999998,28238565.900000002
17.0000002,-6.9999998,150590.571875
19.0000002,-6.9999998,525527.340625
27.0000002,-6.9999998,1691891.18828125
29.0000002,-6.9999998,2547946.267578125
31.000000200000002,-6.9999998,1209543.7540039062
33.0000002,-6.9999998,141559.4866699219
35.0000002,-6.9999998,1129844.37421875
37.0000002,-6.9999998,5222103.921875
39.0000002,-6.9999998,31449584.819140624
105.0000002,-6.9999998,4611497.375
107.0000002,-6.9999998,30070929.9
129.0000002,-6.9999998,26868.2603515625
131.0000002,-6.9999998,187581.1001953125
281.0000002,-6.9999998,145857.4625
283.0000002,-6.9999998,550250.04833984375
285.0000002,-6.9999998,374077.4647094726
287.0000002,-6.9999998,628381.5277824402
289.0000002,-6.9999998,308665.9230270386
291.0000002,-6.9999998,37132.76316986084
295.0000002,-6.9999998,2742.7716735839845
297.0000002,-6.9999998,23772.131713867188
299.0000002,-6.9999998,5892.558874511718
301.0000002,-6.9999998,2166.7368595123294
311.0000002,-6.9999998,40923.259765625
313.0000002,-6.9999998,272800.9103515625
315.0000002,-6.9999998,353505.31821289065
317.0000002,-6.9999998,434851.32832031255
319.0000002,-6.9999998,5067099.204296875
321.0000002,-6.9999998,17822825.15625
323.0000002,-6.9999998,13570557.134375
325.0000002,-6.9999998,27834538.375
15.000000199999999,-4.9999998,60497.43125
17.0000002,-4.9999998,411880.76875000005
19.0000002,-4.9999998,2241194.87890625
21.0000002,-4.9999998,71319.8453125
25.0000002,-4.9999998,103548.9921875
27.0000002,-4.9999998,6247056.6125
29.0000002,-4.9999998,16215592.909765625
31.000000200000002,-4.9999998,1613455.454296875
33.0000002,-4.9999998,1059132.875
35.0000002,-4.9999998,967293.34921875
37.0000002,-4.9999998,9516854.4775390625
39.0000002,-4.9999998,15453023.453125
55.0000002,-4.9999998,162609.8734375
115.0000002,-4.9999998,41511.415625
283.0000002,-4.9999998,30661.2583984375
285.0000002,-4.9999998,657875.820751953
287.0000002,-4.9999998,353116.943649292
289.0000002,-4.9999998,721561.0747886659
291.0000002,-4.9999998,20376.743828392027
293.0000002,-4.9999998,48392.23987312317
295.0000002,-4.9999998,13983.598265266419
297.0000002,-4.9999998,99949.36608200074
299.0000002,-4.9999998,96663.70422973632
301.0000002,-4.9999998,24826.396061563493
313.0000002,-4.9999998,460487.1564453125
315.0000002,-4.9999998,3764851.924609375
317.0000002,-4.9999998,6531277.05625
319.0000002,-4.9999998,435166.623828125
321.0000002,-4.9999998,2631706.554296875
323.0000002,-4.9999998,265450.0125
15.000000199999999,-2.9999998,63926.446875
17.0000002,-2.9999998,667612.369921875
19.0000002,-2.9999998,58399.420703125
21.0000002,-2.9999998,35392.857031249994
27.0000002,-2.9999998,2230681.5140625
29.0000002,-2.9999998,40009763.85625
31.000000200000002,-2.9999998,4027044.78515625
33.0000002,-2.9999998,3204777.928125
35.0000002,-2.9999998,1859897.23046875
37.0000002,-2.9999998,14662593.9015625
39.0000002,-2.9999998,6132373.400683212
113.0000002,-2.9999998,28159.19765625
115.0000002,-2.9999998,256287.046875
139.0000002,-2.9999998,213554.0490966797
141.0000002,-2.9999998,309260.10703125
279.0000002,-2.9999998,2291.961767578125
283.0000002,-2.9999998,33798.5166015625
285.0000002,-2.9999998,954378.4840698242
287.0000002,-2.9999998,1640053.9545898438
289.0000002,-2.9999998,576084.74296875
291.0000002,-2.9999998,215800.9485601425
293.0000002,-2.9999998,111161.68231201172
295.0000002,-2.9999998,116646.2634033203
299.0000002,-2.9999998,1199635.3794921876
301.0000002,-2.9999998,421674.8888671875
313.0000002,-2.9999998,92869.8453125
315.0000002,-2.9999998,860114.46015625
317.0000002,-2.9999998,287567.4765625
319.0000002,-2.9999998,168645.590625
321.0000002,-2.9999998,7314429.96875
15.000000199999999,-0.9999998000000001,343859.62109375
17.0000002,-0.9999998000000001,225423.5169921875
37.0000002,-0.9999998000000001,6644665.09375
39.0000002,-0.9999998000000001,248627.06328125
97.0000002,-0.9999998000000001,77328.0609375
279.0000002,-0.9999998000000001,168035.534375
285.0000002,-0.9999998000000001,143592.32120361328
287.0000002,-0.9999998000000001,95538.53576660156
289.0000002,-0.9999998000000001,9466.517395019531
291.0000002,-0.9999998000000001,1217.133171081543
293.0000002,-0.9999998000000001,66730.40972595215
301.0000002,-0.9999998000000001,3528.333981323242
307.0000002,-0.9999998000000001,69355.84913482665
7.000000200000001,1.0000002000000001,7299.278125
9.0000002,1.0000002000000001,10530.0986328125
13.0000002,1.0000002000000001,20224.04638671875
15.000000199999999,1.0000002000000001,170548.0208984375
17.0000002,1.0000002000000001,21819.1939453125
39.0000002,1.0000002000000001,441774.79550781247
279.0000002,1.0000002000000001,281828.7646606445
281.0000002,1.0000002000000001,36946.0578125
283.0000002,1.0000002000000001,1417941.227734375
285.0000002,1.0000002000000001,1147157.819482422
287.0000002,1.0000002000000001,208779.406640625
291.0000002,1.0000002000000001,428.15765380859375
293.0000002,1.0000002000000001,4421.280285644531
299.0000002,1.0000002000000001,32079.815258789065
301.0000002,1.0000002000000001,2813.0944900512695
303.0000002,1.0000002000000001,227.45159912109375
305.0000002,1.0000002000000001,1095.6538997650146
307.0000002,1.0000002000000001,129989.0635573864
309.0000002,1.0000002000000001,625021.9543579101
281.0000002,3.0000001999999997,111019.03359374999
283.0000002,3.0000001999999997,8452781.78046875
285.0000002,3.0000001999999997,2198036.2564453124
287.0000002,3.0000001999999997,800379.3222167969
289.0000002,3.0000001999999997,253526.20056152344
291.0000002,3.0000001999999997,231175.29599609374
293.0000002,3.0000001999999997,65661.33944702148
295.0000002,3.0000001999999997,54104.26137695312
297.0000002,3.0000001999999997,23015.812963867185
299.0000002,3.0000001999999997,792828.691430664
301.0000002,3.0000001999999997,7816.719143676758
303.0000002,3.0000001999999997,34328.99593505859
305.0000002,3.0000001999999997,57817.07828369141
307.0000002,3.0000001999999997,129225.78638916016
309.0000002,3.0000001999999997,87761.12830200195
7.000000200000001,5.0000002,11159410
9.0000002,5.0000002,21898593.958984375
11.0000002,5.0000002,5003289.350390625
13.0000002,5.0000002,394614.05859375
15.000000199999999,5.0000002,467417.22265625
73.0000002,5.0000002,1306942.5427734375
95.0000002,5.0000002,1798792.821972656
169.0000002,5.0000002,47.72629852294922
283.0000002,5.0000002,91127.473828125
285.0000002,5.0000002,9975468.03125
287.0000002,5.0000002,575310.6122070312
289.0000002,5.0000002,106981.80490722656
291.0000002,5.0000002,80400.90051269531
293.0000002,5.0000002,43680.002380371094
295.0000002,5.0000002,74602.17287597657
297.0000002,5.0000002,204180.7564453125
299.0000002,5.0000002,129070.17537841797
301.0000002,5.0000002,3663.096325683594
303.0000002,5.0000002,53117.802386474614
305.0000002,5.0000002,1522262.6945068361
307.0000002,5.0000002,586574.8419784546
309.0000002,5.0000002,55.84647750854492
349.0000002,5.0000002,6207.0914062500005
351.0000002,5.0000002,3554187.980664063
353.0000002,5.0000002,9962081.021484375
355.0000002,5.0000002,18436273.3125
357.0000002,5.0000002,1017733.4824707032
9.0000002,7.000000200000001,3860755.525
11.0000002,7.000000200000001,2097978.2265625
13.0000002,7.000000200000001,923100.51484375
15.000000199999999,7.000000200000001,137990.70078125
79.0000002,7.000000200000001,12935124.975
81.0000002,7.000000200000001,994737.425
93.0000002,7.000000200000001,19790.78876953125
169.0000002,7.000000200000001,3543.4474365234378
171.0000002,7.000000200000001,112631.22971191406
277.0000002,7.000000200000001,2534.313623046875
279.0000002,7.000000200000001,126768.85
287.0000002,7.000000200000001,196141.1171875
295.0000002,7.000000200000001,456677.13852539065
297.0000002,7.000000200000001,565589.2270019532
299.0000002,7.000000200000001,210544.03872680664
351.0000002,7.000000200000001,3179166.7796875
353.0000002,7.000000200000001,9351290.168750001
355.0000002,7.000000200000001,2363205.9187499997
357.0000002,7.000000200000001,4698525.209375
9.0000002,9.0000002,384933.9265625
11.0000002,9.0000002,4454751.4296875
13.0000002,9.0000002,2649712.555859375
15.000000199999999,9.0000002,209598.075
75.0000002,9.0000002,18665062.35
77.0000002,9.0000002,128772906.66250001
79.0000002,9.0000002,6121652.16640625
81.0000002,9.0000002,383241.39218749997
167.0000002,9.0000002,3488.230810546875
169.0000002,9.0000002,2030.76767578125
273.0000002,9.0000002,17240.039453125
275.0000002,9.0000002,4405479.463171386
277.0000002,9.0000002,2882164.547302246
279.0000002,9.0000002,6321579.840625
295.0000002,9.0000002,2193144.1796875
297.0000002,9.0000002,3768604.691015625
299.0000002,9.0000002,273662.1721923828
347.0000002,9.0000002,61307.128125
3.0000001999999997,11.0000002,119180.03125
5.0000002,11.0000002,2287610.528125
9.0000002,11.0000002,3355504.675
11.0000002,11.0000002,1416821.35
13.0000002,11.0000002,788027.965625
15.000000199999999,11.0000002,1974718.580859375
17.0000002,11.0000002,309032.424609375
23.0000002,11.0000002,272877.37187499995
25.0000002,11.0000002,847529.84921875
35.0000002,11.0000002,114322.13125
75.0000002,11.0000002,94369700.025
77.0000002,11.0000002,114764857.77499999
79.0000002,11.0000002,47600642.3375
169.0000002,11.0000002,428.73646240234376
273.0000002,11.0000002,270248.5828125
275.0000002,11.0000002,1485611.15
293.0000002,11.0000002,52682.921875
295.0000002,11.0000002,3914132.315234375
297.0000002,11.0000002,2259678.81171875
299.0000002,11.0000002,4161896.2312499997
345.0000002,11.0000002,1373894.640625
347.0000002,11.0000002,5073798.140625
349.0000002,11.0000002,1525961.902734375
351.0000002,11.0000002,718696.4140625
353.0000002,11.0000002,1423960.2546875
355.0000002,11.0000002,1346569.571875
5.0000002,13.0000002,426581.73125
15.000000199999999,13.0000002,138875.97109375
17.0000002,13.0000002,91891.04999999999
35.0000002,13.0000002,75876.221875
37.0000002,13.0000002,697898.8375
75.0000002,13.0000002,42008834.275
77.0000002,13.0000002,93294290.375
79.0000002,13.0000002,30540990.634375
103.0000002,13.0000002,588522.61328125
105.0000002,13.0000002,536603.513671875
107.0000002,13.0000002,694763.04453125
269.0000002,13.0000002,25673.355859375
273.0000002,13.0000002,2293912.428125
297.0000002,13.0000002,197354.796875
299.0000002,13.0000002,341360.0375
301.0000002,13.0000002,41781.55546875
345.0000002,13.0000002,295286.19999999995
347.0000002,13.0000002,1157871.29296875
349.0000002,13.0000002,1186688.946875
351.0000002,13.0000002,3846457.883984375
353.0000002,13.0000002,1006968.94375
31.000000200000002,15.000000199999999,988594.2375
33.0000002,15.000000199999999,1206979.325
35.0000002,15.000000199999999,6429154.81796875
37.0000002,15.000000199999999,3087439.6484375
51.0000002,15.000000199999999,157270.22900390625
73.0000002,15.000000199999999,17402816.746875
75.0000002,15.000000199999999,62397633.9125
77.0000002,15.000000199999999,4521157.2125
81.0000002,15.000000199999999,293342.3625
103.0000002,15.000000199999999,7239847.634375
105.0000002,15.000000199999999,10749128.492578125
107.0000002,15.000000199999999,710498.9626953125
109.0000002,15.000000199999999,595738.7375
261.0000002,15.000000199999999,3745.929150390625
263.0000002,15.000000199999999,394162.6125
265.0000002,15.000000199999999,26288.58046875
267.0000002,15.000000199999999,7051533.4130859375
269.0000002,15.000000199999999,5983030.45625
271.0000002,15.000000199999999,1346284.30625
273.0000002,15.000000199999999,504492.87187499995
275.0000002,15.000000199999999,45409.184375
349.0000002,15.000000199999999,1090332.91953125
351.0000002,15.000000199999999,618819.1513671875
353.0000002,15.000000199999999,230708.26796875
357.0000002,15.000000199999999,78745.025390625
359.0000002,15.000000199999999,26598.715527343753
29.0000002,17.0000002,63488.427832031244
31.000000200000002,17.0000002,2464508.7337890626
33.0000002,17.0000002,3305373.2136718747
35.0000002,17.0000002,4775790.856640625
37.0000002,17.0000002,6458535.43828125
51.0000002,17.0000002,257878.9010986328
53.0000002,17.0000002,1487252.4823608396
55.0000002,17.0000002,195998.9910827637
73.0000002,17.0000002,40427473.015625
75.0000002,17.0000002,35121411.675
77.0000002,17.0000002,2690022.0625
79.0000002,17.0000002,13864913.568750001
81.0000002,17.0000002,44437359.7734375
83.0000002,17.0000002,12367740.45
95.0000002,17.0000002,3355863.43125
97.0000002,17.0000002,4651618.595312499
103.0000002,17.0000002,10902051.771875
105.0000002,17.0000002,7206084.4234375
259.0000002,17.0000002,10714.953515625
261.0000002,17.0000002,333951.36289062497
263.0000002,17.0000002,196154.9765625
265.0000002,17.0000002,229075.5890625
267.0000002,17.0000002,2799335.209375
271.0000002,17.0000002,345470.2512084961
293.0000002,17.0000002,104476.82802734376
295.0000002,17.0000002,50239.8484375
297.0000002,17.0000002,150516.85090332033
353.0000002,17.0000002,43160.05091552735
357.0000002,17.0000002,8980.407177734374
359.0000002,17.0000002,3177.72353515625
5.0000002,19.0000002,470.48634033203126
29.0000002,19.0000002,69240.16044921875
31.000000200000002,19.0000002,1003448.7235351562
33.0000002,19.0000002,1608819.7490234375
35.0000002,19.0000002,1276306.7985351563
37.0000002,19.0000002,1697639.419140625
51.0000002,19.0000002,216026.130859375
53.0000002,19.0000002,288677.8098022461
55.0000002,19.0000002,100568.47766113281
57.0000002,19.0000002,769.6445678710937
73.0000002,19.0000002,161593124.4265625
75.0000002,19.0000002,14718309.40625
77.0000002,19.0000002,13537765.65
79.0000002,19.0000002,2046355.040625
81.0000002,19.0000002,5892460.990625
83.0000002,19.0000002,12882187.240625
85.0000002,19.0000002,5233247.55625
93.0000002,19.0000002,2314358.515625
95.0000002,19.0000002,30246254.34375
97.0000002,19.0000002,4826486.798046875
203.0000002,19.0000002,311249.7767791748
205.0000002,19.0000002,411276.8326171875
255.0000002,19.0000002,1693833.0038330078
271.0000002,19.0000002,50269.32563476563
279.0000002,19.0000002,109966.7875
285.0000002,19.0000002,130663.234375
287.0000002,19.0000002,20243895.517187502
289.0000002,19.0000002,1615990.9593749999
293.0000002,19.0000002,671870.7125
295.0000002,19.0000002,91280.80312499999
297.0000002,19.0000002,85774.0328125
343.0000002,19.0000002,17066.343798828126
345.0000002,19.0000002,18011.304296875
353.0000002,19.0000002,935.7978210449219
3.0000001999999997,21.0000002,2622.8320373535157
29.0000002,21.0000002,3370.4419555664062
31.000000200000002,21.0000002,6042.709643554687
33.0000002,21.0000002,69106.52685546875
35.0000002,21.0000002,99950.212890625
39.0000002,21.0000002,206756.81796875
49.0000002,21.0000002,85977.982421875
51.0000002,21.0000002,224063.825
53.0000002,21.0000002,389574.7076171875
55.0000002,21.0000002,60735.7626953125
69.0000002,21.0000002,5288707.4875
71.0000002,21.0000002,12613136.7671875
73.0000002,21.0000002,21976661.275
75.0000002,21.0000002,6898089
77.0000002,21.0000002,11246638.05
79.0000002,21.0000002,12511018.35625
81.0000002,21.0000002,4539346.565625
83.0000002,21.0000002,7337970.36875
85.0000002,21.0000002,15275617.25
87.0000002,21.0000002,12768519.171875
89.0000002,21.0000002,3119266.99375
91.0000002,21.0000002,4144339.3453125004
93.0000002,21.0000002,7988037.706640625
95.0000002,21.0000002,44190821.9875
97.0000002,21.0000002,5703351.73828125
99.0000002,21.0000002,33990.078125
199.0000002,21.0000002,92630.87890625
201.0000002,21.0000002,4939018.328125
203.0000002,21.0000002,733536.5076782226
205.0000002,21.0000002,23731.70546875
253.0000002,21.0000002,48985.709375000006
255.0000002,21.0000002,8004660.823632812
257.0000002,21.0000002,19996289.140625
285.0000002,21.0000002,103204.77496490478
287.0000002,21.0000002,122805.31661376954
343.0000002,21.0000002,157058.94321670532
345.0000002,21.0000002,53321.756578826906
347.0000002,21.0000002,25638.356254959108
349.0000002,21.0000002,682.9297805786133
3.0000001999999997,23.0000002,354.58778076171876
5.0000002,23.0000002,24489.36147155762
7.000000200000001,23.0000002,3930.7467620849607
9.0000002,23.0000002,2466.7013732910154
11.0000002,23.0000002,3690.3229064941406
49.0000002,23.0000002,536492.4478515625
51.0000002,23.0000002,3113828.158886719
53.0000002,23.0000002,10010994.610742187
55.0000002,23.0000002,777957.1953125
67.0000002,23.0000002,411934.98203125
69.0000002,23.0000002,8918294.104687499
71.0000002,23.0000002,25774978.09375
73.0000002,23.0000002,30300665.45
75.0000002,23.0000002,14997707.41875
77.0000002,23.0000002,10910811.65
79.0000002,23.0000002,3307613.68125
85.0000002,23.0000002,738083.8125
87.0000002,23.0000002,184841399.9125
89.0000002,23.0000002,194772642.8875
91.0000002,23.0000002,32782858.796875
93.0000002,23.0000002,2275439.2414062503
95.0000002,23.0000002,6294724.375
97.0000002,23.0000002,696929.5
99.0000002,23.0000002,4018439.41640625
101.0000002,23.0000002,1718875.2484374999
103.0000002,23.0000002,7376433.6015625
105.0000002,23.0000002,2282918.225
113.0000002,23.0000002,47848377.425
115.0000002,23.0000002,16980259.038085938
117.0000002,23.0000002,3492070.801367188
199.0000002,23.0000002,6009.440673828125
201.0000002,23.0000002,144260.345703125
249.0000002,23.0000002,636493.9311035157
251.0000002,23.0000002,284.28037719726564
253.0000002,23.0000002,4509627.874951172
255.0000002,23.0000002,2464846.9810546874
257.0000002,23.0000002,3924773.816699219
259.0000002,23.0000002,83388.2875
261.0000002,23.0000002,5276.03681640625
285.0000002,23.0000002,599.6033966064454
287.0000002,23.0000002,426.4350616455078
343.0000002,23.0000002,5236.329565429687
345.0000002,23.0000002,6161.0803813576695
347.0000002,23.0000002,111243.92590961457
349.0000002,23.0000002,2129.2646209716795
5.0000002,25.0000002,1653.4487701416015
7.000000200000001,25.0000002,5861.877456665039
9.0000002,25.0000002,12772.680950927734
11.0000002,25.0000002,44262.44580078125
47.0000002,25.0000002,49952.793359375
49.0000002,25.0000002,773570.1549804688
51.0000002,25.0000002,11444845.714941407
53.0000002,25.0000002,1335346.77734375
55.0000002,25.0000002,50449657.4171875
57.0000002,25.0000002,211651.07978515627
59.0000002,25.0000002,604648.6458007812
61.0000002,25.0000002,3283573.126171875
63.0000002,25.0000002,1765258.490234375
65.0000002,25.0000002,758444.2720703125
67.0000002,25.0000002,102004278.21249999
69.0000002,25.0000002,33790026.33125
71.0000002,25.0000002,10084826.839062499
73.0000002,25.0000002,16654257.6375
75.0000002,25.0000002,12349618.64375
77.0000002,25.0000002,7386233.190625
87.0000002,25.0000002,26382748.075
89.0000002,25.0000002,77859209.9625
91.0000002,25.0000002,51015498.55625
93.0000002,25.0000002,12785419.2828125
95.0000002,25.0000002,136578.3875
97.0000002,25.0000002,434996.30195312505
99.0000002,25.0000002,9726973.7
101.0000002,25.0000002,15350182.240625
103.0000002,25.0000002,33302314.150000002
105.0000002,25.0000002,10051053.496875
153.0000002,25.0000002,544.3686767578125
247.0000002,25.0000002,60001.578103637694
249.0000002,25.0000002,514051.92335624696
251.0000002,25.0000002,1603385.4693725586
253.0000002,25.0000002,995206.9624511718
255.0000002,25.0000002,3285687.569091797
257.0000002,25.0000002,3627253.6671875003
259.0000002,25.0000002,4863.3349609375
345.0000002,25.0000002,3503.938200378418
347.0000002,25.0000002,81.78650960922242
351.0000002,25.0000002,132.90115814208986
13.0000002,27.0000002,2338.590625
15.000000199999999,27.0000002,20663.705322265625
17.0000002,27.0000002,17706.23518066406
19.0000002,27.0000002,21347.467675781252
21.0000002,27.0000002,13650.836865234374
31.000000200000002,27.0000002,4281127.4
35.0000002,27.0000002,174813.97856445314
37.0000002,27.0000002,345574.62138671876
47.0000002,27.0000002,283436.7958984375
49.0000002,27.0000002,13675854.910351563
51.0000002,27.0000002,5405173.581738281
53.0000002,27.0000002,2180642.6651367187
55.0000002,27.0000002,6916632.896484375
57.0000002,27.0000002,6003307.478662109
59.0000002,27.0000002,2514324.2771484377
61.0000002,27.0000002,2683658.1015625
63.0000002,27.0000002,3178072.615625
65.0000002,27.0000002,1432336.0166015625
67.0000002,27.0000002,37777404.83359375
69.0000002,27.0000002,29760356.22421875
71.0000002,27.0000002,3374895.51484375
73.0000002,27.0000002,10361224.1078125
75.0000002,27.0000002,20554450.8875
77.0000002,27.0000002,16916961.05
79.0000002,27.0000002,20757341.575
81.0000002,27.0000002,22358704.775
89.0000002,27.0000002,13615934.907421876
91.0000002,27.0000002,17475214.19453125
93.0000002,27.0000002,17278813.5171875
95.0000002,27.0000002,7418609.1796875
97.0000002,27.0000002,260864.53540039062
99.0000002,27.0000002,7996271.051171875
101.0000002,27.0000002,18995658.6515625
103.0000002,27.0000002,21296462.321875
105.0000002,27.0000002,15672121.31875
249.0000002,27.0000002,111943.8671875
251.0000002,27.0000002,615341.291015625
253.0000002,27.0000002,271694.83481445315
255.0000002,27.0000002,97371.91925048828
257.0000002,27.0000002,27676.6017578125
341.0000002,27.0000002,74947.58701171874
343.0000002,27.0000002,929291.8031249999
345.0000002,27.0000002,1540348.4624908448
347.0000002,27.0000002,2006376.3160888671
349.0000002,27.0000002,1668.1748405456542
351.0000002,27.0000002,20241.80693359375
353.0000002,27.0000002,12110.712622070312
11.0000002,29.0000002,59783.35244140625
13.0000002,29.0000002,176398.8140136719
15.000000199999999,29.0000002,106413.37575683593
17.0000002,29.0000002,97555.40595703125
19.0000002,29.0000002,43599.87783203125
21.0000002,29.0000002,54204.84897460937
23.0000002,29.0000002,218667.58872070312
25.0000002,29.0000002,19092.7681640625
31.000000200000002,29.0000002,8815659.8796875
33.0000002,29.0000002,649128.4979003906
35.0000002,29.0000002,1840045.7154785157
37.0000002,29.0000002,2058345.7810546875
39.0000002,29.0000002,200804.43583984376
41.0000002,29.0000002,221623.329296875
45.0000002,29.0000002,67904.57381591796
47.0000002,29.0000002,18288243.26875
49.0000002,29.0000002,87486.03828125
51.0000002,29.0000002,2245468.16484375
53.0000002,29.0000002,2668855.539453125
55.0000002,29.0000002,4329611.516796875
57.0000002,29.0000002,6007190.198828125
59.0000002,29.0000002,3988064.4140625
61.0000002,29.0000002,1515509.5747558593
63.0000002,29.0000002,334395.92788085935
65.0000002,29.0000002,818589.66796875
67.0000002,29.0000002,3036365.0031250003
69.0000002,29.0000002,29958222.728125
71.0000002,29.0000002,15054842.421875
73.0000002,29.0000002,12765270.13125
75.0000002,29.0000002,31702245.46875
77.0000002,29.0000002,182024247
79.0000002,29.0000002,94909197.0625
81.0000002,29.0000002,15279873.0375
91.0000002,29.0000002,71966.5373046875
93.0000002,29.0000002,432571.07978515624
95.0000002,29.0000002,446410.4730957031
97.0000002,29.0000002,206996.93774414062
99.0000002,29.0000002,1076621.8174804687
101.0000002,29.0000002,4732843.5015625
103.0000002,29.0000002,14673878.68125
105.0000002,29.0000002,10743721.18125
251.0000002,29.0000002,154365.54467773438
253.0000002,29.0000002,1211335.3794830323
255.0000002,29.0000002,208171.58151855468
341.0000002,29.0000002,583299.0242187501
343.0000002,29.0000002,7389246.446093749
345.0000002,29.0000002,4399975.941210938
347.0000002,29.0000002,4025.679852294922
349.0000002,29.0000002,760812.8451416015
351.0000002,29.0000002,266626.42985839845
353.0000002,29.0000002,26032.016522216796
355.0000002,29.0000002,253.80025939941407
7.000000200000001,31.000000200000002,2337.708526611328
9.0000002,31.000000200000002,62969.96484069824
11.0000002,31.000000200000002,414764.63232421875
13.0000002,31.000000200000002,1383113.21484375
15.000000199999999,31.000000200000002,805186.0635742188
17.0000002,31.000000200000002,86725.65310058593
19.0000002,31.000000200000002,242822.37923583982
21.0000002,31.000000200000002,523558.8171386719
23.0000002,31.000000200000002,200766.5625
25.0000002,31.000000200000002,182203.2057094574
27.0000002,31.000000200000002,360333.01069335936
29.0000002,31.000000200000002,38041.753845214844
33.0000002,31.000000200000002,1416228.4995117188
35.0000002,31.000000200000002,285824.59393310547
37.0000002,31.000000200000002,291629.5949584961
39.0000002,31.000000200000002,1580940.7831054688
41.0000002,31.000000200000002,1155980.3225585937
43.0000002,31.000000200000002,4448458.2859375
45.0000002,31.000000200000002,21810478.15637207
47.0000002,31.000000200000002,27823946.871875
49.0000002,31.000000200000002,10598135.046484375
51.0000002,31.000000200000002,748538.65
53.0000002,31.000000200000002,623642.115234375
55.0000002,31.000000200000002,2934308.326171875
57.0000002,31.000000200000002,2928419.0873046876
59.0000002,31.000000200000002,2050244.0977539062
61.0000002,31.000000200000002,3290538.2564453124
63.0000002,31.000000200000002,907333.20390625
65.0000002,31.000000200000002,824630.2170898437
67.0000002,31.000000200000002,479972.31875
69.0000002,31.000000200000002,771745.4765625
71.0000002,31.000000200000002,15261892.915625
73.0000002,31.000000200000002,54190937.400000006
75.0000002,31.000000200000002,58178557.012499996
77.0000002,31.000000200000002,34866025.6109375
79.0000002,31.000000200000002,6078457.568310547
81.0000002,31.000000200000002,304072.2960083008
83.0000002,31.000000200000002,52065.54525146484
85.0000002,31.000000200000002,15179.084887695313
87.0000002,31.000000200000002,12161.643115234376
89.0000002,31.000000200000002,1207.9433837890624
93.0000002,31.000000200000002,7904.44501953125
95.0000002,31.000000200000002,12464.44482421875
97.0000002,31.000000200000002,73460.59443359375
99.0000002,31.000000200000002,299865.9775390625
101.0000002,31.000000200000002,301721.5029296875
103.0000002,31.000000200000002,282515.93125
109.0000002,31.000000200000002,113358.259375
111.0000002,31.000000200000002,3640848.196875
113.0000002,31.000000200000002,4435400.525
115.0000002,31.000000200000002,3723857.3
117.0000002,31.000000200000002,7313658.074999999
247.0000002,31.000000200000002,113111.25222625733
249.0000002,31.000000200000002,687407.78857421875
251.0000002,31.000000200000002,79140.94438476562
253.0000002,31.000000200000002,22502.12368774414
277.0000002,31.000000200000002,245394.043359375
279.0000002,31.000000200000002,197447.2609375
351.0000002,31.000000200000002,2050232.24765625
353.0000002,31.000000200000002,1095510.287109375
5.0000002,33.0000002,852925.43203125
7.000000200000001,33.0000002,208849.43275146483
9.0000002,33.0000002,851270.7313232422
11.0000002,33.0000002,1758253.9600585937
13.0000002,33.0000002,6535032.034375
15.000000199999999,33.0000002,305263.0265625
37.0000002,33.0000002,3463.605029296875
39.0000002,33.0000002,44081.47769775391
41.0000002,33.0000002,19717.997326660156
43.0000002,33.0000002,75967872.25429687
45.0000002,33.0000002,30615091.25
47.0000002,33.0000002,12944695.078125
49.0000002,33.0000002,8263547.175000001
53.0000002,33.0000002,26799.1662109375
55.0000002,33.0000002,318012.6020019531
57.0000002,33.0000002,216414.51381835935
59.0000002,33.0000002,591247.9755859375
61.0000002,33.0000002,1824959.401171875
63.0000002,33.0000002,824571.47109375
73.0000002,33.0000002,12801955.0625
75.0000002,33.0000002,22105235.1625
77.0000002,33.0000002,1146285.2119140625
79.0000002,33.0000002,454837.436328125
81.0000002,33.0000002,80789.8661392212
83.0000002,33.0000002,94575.63139648437
85.0000002,33.0000002,1981.9218017578125
87.0000002,33.0000002,11257.309008789061
89.0000002,33.0000002,2111.809228515625
99.0000002,33.0000002,28631.05390625
109.0000002,33.0000002,5589700.2203125
111.0000002,33.0000002,30668570.58125
113.0000002,33.0000002,33661547.56875
115.0000002,33.0000002,25375166.675
117.0000002,33.0000002,18648971.525000002
119.0000002,33.0000002,21171445.3125
247.0000002,33.0000002,4337268.505981445
249.0000002,33.0000002,1110313.9739013673
251.0000002,33.0000002,824.6820434570312
255.0000002,33.0000002,772.9628784179688
257.0000002,33.0000002,296519.78740234376
259.0000002,33.0000002,7987.0900390625
277.0000002,33.0000002,105516.3921875
295.0000002,33.0000002,252696
343.0000002,33.0000002,1854521.634375
351.0000002,33.0000002,10973387.88359375
353.0000002,33.0000002,11140518.5421875
355.0000002,33.0000002,4334830.177343749
357.0000002,33.0000002,119117.90390625001
5.0000002,35.0000002,93946.084375
7.000000200000001,35.0000002,79727.865625
43.0000002,35.0000002,10432086.323437499
45.0000002,35.0000002,25205927.215625
47.0000002,35.0000002,12295185.378125
49.0000002,35.0000002,4278160.3890625
51.0000002,35.0000002,2027237.5250000001
53.0000002,35.0000002,36591.09921875
55.0000002,35.0000002,16449.794140625
109.0000002,35.0000002,1831269.5
111.0000002,35.0000002,26482685.9
113.0000002,35.0000002,18616605.925
115.0000002,35.0000002,12043045.75
117.0000002,35.0000002,18984780.7875
119.0000002,35.0000002,9920507.24375
239.0000002,35.0000002,73540.10781507492
245.0000002,35.0000002,329694.60608215333
247.0000002,35.0000002,616966.2076133728
249.0000002,35.0000002,152788.8716796875
251.0000002,35.0000002,17844.084228515625
253.0000002,35.0000002,3935279.9003662113
255.0000002,35.0000002,234687.09538269046
257.0000002,35.0000002,1786949.8810302734
259.0000002,35.0000002,181098.88826293946
261.0000002,35.0000002,333077.09375
263.0000002,35.0000002,848439.44921875
265.0000002,35.0000002,307424.053515625
267.0000002,35.0000002,16954.59853515625
269.0000002,35.0000002,278439.050390625
271.0000002,35.0000002,186978.4015625
353.0000002,35.0000002,21385887.1125
355.0000002,35.0000002,14918754.715625
357.0000002,35.0000002,4102917.421875
21.0000002,37.0000002,482863.19276123046
23.0000002,37.0000002,261595.8701171875
43.0000002,37.0000002,6103086.2375
45.0000002,37.0000002,18275010.84375
47.0000002,37.0000002,2139717.7234375
49.0000002,37.0000002,111243.20625
51.0000002,37.0000002,97348.29375
79.0000002,37.0000002,2030.6568359375
89.0000002,37.0000002,7.736222267150879
95.0000002,37.0000002,10647.598242187501
237.0000002,37.0000002,6515165.87109375
239.0000002,37.0000002,1370535.9165283204
241.0000002,37.0000002,105225.9130859375
245.0000002,37.0000002,73853.8376876831
247.0000002,37.0000002,7374.141251182556
249.0000002,37.0000002,47901.45068359375
251.0000002,37.0000002,59857.02158203125
253.0000002,37.0000002,653592.0483947754
255.0000002,37.0000002,368293.11116333003
257.0000002,37.0000002,229582.10410156252
259.0000002,37.0000002,529712.7185546875
261.0000002,37.0000002,189963.43853759766
263.0000002,37.0000002,2396544.567578125
265.0000002,37.0000002,3255463.1
267.0000002,37.0000002,2199946.275390625
351.0000002,37.0000002,2255540.0068603517
353.0000002,37.0000002,20630025.753125
355.0000002,37.0000002,25945431.1484375
357.0000002,37.0000002,6079458.3408203125
359.0000002,37.0000002,2169269.95
1,39.0000002,201134.65117187498
3.0000001999999997,39.0000002,1527601.2789062501
13.0000002,39.0000002,2667.8697052001953
15.000000199999999,39.0000002,1266749.7812255858
17.0000002,39.0000002,875370.6801574469
19.0000002,39.0000002,216596.1720703125
21.0000002,39.0000002,1540291.7046875
23.0000002,39.0000002,372953.7536621094
43.0000002,39.0000002,401880.5296875
45.0000002,39.0000002,5438523.0078125
47.0000002,39.0000002,1096572.075
57.0000002,39.0000002,17816.740625
59.0000002,39.0000002,124351.00546875
61.0000002,39.0000002,211340.144921875
63.0000002,39.0000002,54975.91171875
87.0000002,39.0000002,8050.769213867188
89.0000002,39.0000002,14474.069711303711
91.0000002,39.0000002,12862.41915166378
93.0000002,39.0000002,15854.947108078004
95.0000002,39.0000002,9496.929174804687
101.0000002,39.0000002,2142.18779296875
239.0000002,39.0000002,1129502.1215789795
241.0000002,39.0000002,107967.40844726562
245.0000002,39.0000002,1143.7546188354493
249.0000002,39.0000002,94493.0957455635
251.0000002,39.0000002,1934336.3338882446
253.0000002,39.0000002,1324963.715374756
255.0000002,39.0000002,23133179.414465334
257.0000002,39.0000002,224386.51890869142
259.0000002,39.0000002,191443.33615722656
261.0000002,39.0000002,746267.3373046875
263.0000002,39.0000002,1966223.040625
265.0000002,39.0000002,7433546.7328125
267.0000002,39.0000002,1592314.519921875
271.0000002,39.0000002,259104.30781250002
273.0000002,39.0000002,2397758.6421875
275.0000002,39.0000002,1162280.65625
351.0000002,39.0000002,20174145.71328125
353.0000002,39.0000002,6542193.369921875
355.0000002,39.0000002,6716414.28984375
357.0000002,39.0000002,5253744.525
359.0000002,39.0000002,6993114.524999999
1,41.0000002,2717364.296875
3.0000001999999997,41.0000002,721107.1417968749
11.0000002,41.0000002,7294138.25
13.0000002,41.0000002,34059300.592285156
15.000000199999999,41.0000002,19880463.847265624
17.0000002,41.0000002,7389422.58996582
19.0000002,41.0000002,5772343.73679657
21.0000002,41.0000002,4813517.212109375
23.0000002,41.0000002,562688.23125
27.0000002,41.0000002,1393979.0738281251
29.0000002,41.0000002,8419977.26171875
31.000000200000002,41.0000002,1457296.71640625
41.0000002,41.0000002,36664.70703125
43.0000002,41.0000002,114991.990625
45.0000002,41.0000002,303798.8
53.0000002,41.0000002,16019.707653808593
57.0000002,41.0000002,240601.87109375
59.0000002,41.0000002,1016879.31171875
61.0000002,41.0000002,1482294.68359375
63.0000002,41.0000002,720062.258984375
65.0000002,41.0000002,53133.169531249994
73.0000002,41.0000002,248955.56289062498
75.0000002,41.0000002,30547.984765625
81.0000002,41.0000002,86514.896875
83.0000002,41.0000002,567355.5734375
85.0000002,41.0000002,1246507.7783691406
87.0000002,41.0000002,75275.16125488281
89.0000002,41.0000002,19572.534677124026
93.0000002,41.0000002,18595.500390625
97.0000002,41.0000002,53440.684375
99.0000002,41.0000002,3269.5680541992188
101.0000002,41.0000002,5129.513903808594
103.0000002,41.0000002,1095.2574462890625
113.0000002,41.0000002,1495907.0109375
115.0000002,41.0000002,475258.478125
117.0000002,41.0000002,1048246.0375
119.0000002,41.0000002,2915970.865625
121.0000002,41.0000002,2532914.875
123.0000002,41.0000002,542672.65
129.0000002,41.0000002,426796.134375
239.0000002,41.0000002,162.35944747924805
241.0000002,41.0000002,5823.059561872482
247.0000002,41.0000002,1712292.30625
249.0000002,41.0000002,619960.4434143066
251.0000002,41.0000002,433534.3832908631
253.0000002,41.0000002,642045.5850097657
255.0000002,41.0000002,5747403.648193359
257.0000002,41.0000002,522775.24600219727
259.0000002,41.0000002,498635.07503662107
261.0000002,41.0000002,1007469.2334960938
263.0000002,41.0000002,5562019.9078125
265.0000002,41.0000002,2995777.6466796873
267.0000002,41.0000002,1439146.6517578126
269.0000002,41.0000002,519492.66562499997
271.0000002,41.0000002,437099.02578125
273.0000002,41.0000002,2038078.45
275.0000002,41.0000002,1393860.14140625
279.0000002,41.0000002,346677.5
281.0000002,41.0000002,279179.946875
351.0000002,41.0000002,18613191.416406248
353.0000002,41.0000002,4367023.953515625
355.0000002,41.0000002,34680273.834375
357.0000002,41.0000002,6538258.119042968
359.0000002,41.0000002,2043694.8111328126
1,43.0000002,7383255.970312499
3.0000001999999997,43.0000002,4211075.419628906
9.0000002,43.0000002,2373232.8663085937
11.0000002,43.0000002,25229338.643066406
13.0000002,43.0000002,28354029.259375
15.000000199999999,43.0000002,1811633.3275390626
17.0000002,43.0000002,4641652.081738281
19.0000002,43.0000002,5730034.957421875
21.0000002,43.0000002,11352145.8953125
23.0000002,43.0000002,2960718.5789062497
25.0000002,43.0000002,2478030.78125
27.0000002,43.0000002,1583003.1828125
29.0000002,43.0000002,49211.88244628906
39.0000002,43.0000002,393219.57890625
45.0000002,43.0000002,529365.7828125
51.0000002,43.0000002,295003.4520751953
53.0000002,43.0000002,14916.333349609375
55.0000002,43.0000002,9969.0611328125
57.0000002,43.0000002,222699.4416015625
59.0000002,43.0000002,447516.088671875
61.0000002,43.0000002,445391.4120117187
63.0000002,43.0000002,322759.69687499997
65.0000002,43.0000002,17539.219921875
71.0000002,43.0000002,561024.196875
73.0000002,43.0000002,1345905.0673828125
75.0000002,43.0000002,4892124.359375
77.0000002,43.0000002,1595126.1656250001
81.0000002,43.0000002,25724.441796875
83.0000002,43.0000002,347547.5175476074
85.0000002,43.0000002,532649.5489379882
87.0000002,43.0000002,378574.1872375488
89.0000002,43.0000002,207928.84965820314
95.0000002,43.0000002,3195.753662109375
97.0000002,43.0000002,707.3250640869142
99.0000002,43.0000002,1835.0692749023438
107.0000002,43.0000002,2066.57333984375
111.0000002,43.0000002,124126.00275878907
113.0000002,43.0000002,118762.78083496094
115.0000002,43.0000002,466484.3251220703
117.0000002,43.0000002,1550810.5264648437
119.0000002,43.0000002,5357077.67578125
121.0000002,43.0000002,5089702.3875
123.0000002,43.0000002,5943580.428125
125.0000002,43.0000002,12700931.359375
127.00000019999999,43.0000002,5551378.25
129.0000002,43.0000002,4480093.2453125
131.0000002,43.0000002,2883925.821484375
133.0000002,43.0000002,821927.6124389649
135.0000002,43.0000002,22680.012082672118
241.0000002,43.0000002,508.22385559082034
243.0000002,43.0000002,23661.98397922516
245.0000002,43.0000002,2394.88017578125
247.0000002,43.0000002,51528.49921875
249.0000002,43.0000002,314014.5914024353
251.0000002,43.0000002,323128.09510726924
253.0000002,43.0000002,498480.40184936527
255.0000002,43.0000002,203726.89505004883
257.0000002,43.0000002,265193.2605041504
259.0000002,43.0000002,127556.56212768555
261.0000002,43.0000002,317646.6077636719
263.0000002,43.0000002,2058857.74375
265.0000002,43.0000002,1172902.3154296875
267.0000002,43.0000002,944723.666796875
269.0000002,43.0000002,810569.927734375
271.0000002,43.0000002,170028.8
285.0000002,43.0000002,761679.5484375
293.0000002,43.0000002,12463.6607421875
295.0000002,43.0000002,7062.32783203125
299.0000002,43.0000002,3.16756317615509
351.0000002,43.0000002,7513849.224609376
353.0000002,43.0000002,4583416.275
355.0000002,43.0000002,2790184.3273254395
357.0000002,43.0000002,10009764.736523438
359.0000002,43.0000002,3167849.7587890625
1,45.0000002,2471356.55625
3.0000001999999997,45.0000002,776976.7117187501
9.0000002,45.0000002,991536.8375
11.0000002,45.0000002,13932722.0625
13.0000002,45.0000002,5705926.2705078125
15.000000199999999,45.0000002,10514147.074609375
17.0000002,45.0000002,8781101.053125
19.0000002,45.0000002,10430260.146875
21.0000002,45.0000002,7906089.9671875
23.0000002,45.0000002,5077127.1765625
25.0000002,45.0000002,8304484.303125
27.0000002,45.0000002,2574675.553125
31.000000200000002,45.0000002,96.88229675292969
33.0000002,45.0000002,1548917.0739257813
35.0000002,45.0000002,694077.646875
37.0000002,45.0000002,4449740.795312501
39.0000002,45.0000002,6306698.8546875
41.0000002,45.0000002,1053311.06328125
51.0000002,45.0000002,18845.254296875
53.0000002,45.0000002,7570.556420898438
55.0000002,45.0000002,28727.40705566406
57.0000002,45.0000002,1143.4656982421875
61.0000002,45.0000002,15857.927978515625
63.0000002,45.0000002,25538.82666015625
65.0000002,45.0000002,3058.866455078125
71.0000002,45.0000002,4411.450830078125
73.0000002,45.0000002,43473.970532226565
75.0000002,45.0000002,152565.35361328124
89.0000002,45.0000002,81419.38212890625
93.0000002,45.0000002,3689.6670349121096
95.0000002,45.0000002,10472.05626220703
97.0000002,45.0000002,17619.665740966797
99.0000002,45.0000002,35870.41359863281
101.0000002,45.0000002,21961.810437011718
103.0000002,45.0000002,13447.179077148438
105.0000002,45.0000002,13705.03280029297
107.0000002,45.0000002,3239.813500976563
109.0000002,45.0000002,6140.90576171875
111.0000002,45.0000002,6210.838842773437
113.0000002,45.0000002,19848.16828613281
115.0000002,45.0000002,106784.45208740234
117.0000002,45.0000002,231889.06611328124
119.0000002,45.0000002,937184.247265625
121.0000002,45.0000002,2322485.8328125
123.0000002,45.0000002,5921648.053125
125.0000002,45.0000002,13597052.23125
127.00000019999999,45.0000002,18037843.592187498
129.0000002,45.0000002,5790518.984375
131.0000002,45.0000002,6138972.470507813
133.0000002,45.0000002,1253905.8907226562
135.0000002,45.0000002,146914.37009887694
247.0000002,45.0000002,3056.6107330322266
249.0000002,45.0000002,135735.650056839
251.0000002,45.0000002,863449.5536193848
253.0000002,45.0000002,499238.9781555176
255.0000002,45.0000002,286583.1317977905
257.0000002,45.0000002,346928.85302734375
259.0000002,45.0000002,72487.89353027345
261.0000002,45.0000002,248388.8428588867
263.0000002,45.0000002,485437.205859375
265.0000002,45.0000002,2954747.2291015624
267.0000002,45.0000002,7069363.742968749
269.0000002,45.0000002,29138.31875
277.0000002,45.0000002,13143.466967773438
281.0000002,45.0000002,306360.590625
299.0000002,45.0000002,21395.621923828126
359.0000002,45.0000002,784600.41171875
13.0000002,47.0000002,2708446.9226562497
15.000000199999999,47.0000002,11667203.90546875
17.0000002,47.0000002,12034259.646875
19.0000002,47.0000002,22577757.5890625
21.0000002,47.0000002,8068179.15625
23.0000002,47.0000002,9696958.67265625
25.0000002,47.0000002,5524431.58671875
27.0000002,47.0000002,4287617.4546875
29.0000002,47.0000002,1684593.796875
33.0000002,47.0000002,35050.759375
35.0000002,47.0000002,193114.45373535156
37.0000002,47.0000002,1584448.35546875
39.0000002,47.0000002,3203889.6234375
41.0000002,47.0000002,545187.97734375
55.0000002,47.0000002,19971.442614746094
57.0000002,47.0000002,1523.7544433593748
59.0000002,47.0000002,3131.3372802734375
61.0000002,47.0000002,45888.500500488284
63.0000002,47.0000002,55840.81000976563
65.0000002,47.0000002,62534.794628906246
67.0000002,47.0000002,94128.80112304687
69.0000002,47.0000002,67582.55358886719
71.0000002,47.0000002,9968.090576171875
79.0000002,47.0000002,14074.868994140625
81.0000002,47.0000002,14130.012109375
91.0000002,47.0000002,27163.508447265624
93.0000002,47.0000002,17076.246215820312
95.0000002,47.0000002,17336.785107421878
97.0000002,47.0000002,114610.41968994141
99.0000002,47.0000002,79789.79932861328
101.0000002,47.0000002,176561.4947998047
103.0000002,47.0000002,102506.06201171875
105.0000002,47.0000002,23087.857055664062
107.0000002,47.0000002,796405.6600097655
109.0000002,47.0000002,9873.608715820312
111.0000002,47.0000002,20262.325305175782
113.0000002,47.0000002,28789.375848388674
115.0000002,47.0000002,8963.694766235352
117.0000002,47.0000002,7472.357400512696
119.0000002,47.0000002,135200.68486328126
121.0000002,47.0000002,1479221.5398925783
123.0000002,47.0000002,6949943.3203125
125.0000002,47.0000002,11586808.0875
127.00000019999999,47.0000002,6570645.258984375
129.0000002,47.0000002,668900.884375
131.0000002,47.0000002,195929.15
133.0000002,47.0000002,12224.44599609375
135.0000002,47.0000002,6772.89833984375
249.0000002,47.0000002,2100.197155761719
251.0000002,47.0000002,16576.981311035157
253.0000002,47.0000002,3876.3414794921873
261.0000002,47.0000002,5503.32314453125
263.0000002,47.0000002,266488.3615722656
265.0000002,47.0000002,67968.9140625
267.0000002,47.0000002,242645.88496093752
277.0000002,47.0000002,29183.889056396485
297.0000002,47.0000002,4223.134658813477
299.0000002,47.0000002,494.7466735839844
301.0000002,47.0000002,34308.12647705078
303.0000002,47.0000002,128110.7809539795
305.0000002,47.0000002,144236.21587219238
307.0000002,47.0000002,68161.72548828126
355.0000002,47.0000002,118183.903125
9.0000002,49.0000002,910749.6937500001
11.0000002,49.0000002,1171481.403125
13.0000002,49.0000002,617731.8125
15.000000199999999,49.0000002,12451691.853125
17.0000002,49.0000002,26825005.134375002
19.0000002,49.0000002,14378641.625
21.0000002,49.0000002,13435092.784375
23.0000002,49.0000002,7746120.403125
25.0000002,49.0000002,5847983.9078125
27.0000002,49.0000002,3199521.7375
29.0000002,49.0000002,1674315.84609375
39.0000002,49.0000002,776718.365625
41.0000002,49.0000002,171074.457421875
55.0000002,49.0000002,47492.09287109375
57.0000002,49.0000002,78055.48513183594
59.0000002,49.0000002,15922.59033203125
61.0000002,49.0000002,7590.664111328125
63.0000002,49.0000002,17483.14030761719
65.0000002,49.0000002,81064.38177490234
67.0000002,49.0000002,118174.64272460938
69.0000002,49.0000002,48896.30961914062
71.0000002,49.0000002,99482.48151855469
79.0000002,49.0000002,30134.461474609372
81.0000002,49.0000002,189227.79663085938
83.0000002,49.0000002,372278.11801757815
85.0000002,49.0000002,93726.6306640625
87.0000002,49.0000002,10611.305932617188
89.0000002,49.0000002,27938.74228515625
91.0000002,49.0000002,49250.31306152344
93.0000002,49.0000002,14500.44139404297
95.0000002,49.0000002,34637.15883789062
97.0000002,49.0000002,23132.029211425783
99.0000002,49.0000002,64538.627124023435
101.0000002,49.0000002,49404.58461914062
103.0000002,49.0000002,158350.96029052735
105.0000002,49.0000002,249265.2048828125
107.0000002,49.0000002,900208.0888427735
109.0000002,49.0000002,23314.49443359375
111.0000002,49.0000002,27662.546752929688
113.0000002,49.0000002,37186.3742553711
115.0000002,49.0000002,46313.34864501953
117.0000002,49.0000002,628638.2838623046
119.0000002,49.0000002,1032732.2097656251
121.0000002,49.0000002,695231.5077148437
123.0000002,49.0000002,1597653.4222503663
125.0000002,49.0000002,4199873.258984375
127.00000019999999,49.0000002,947935.7442016602
155.0000002,49.0000002,2984.340028381348
239.0000002,49.0000002,195118.53901367186
241.0000002,49.0000002,355035.7609741211
243.0000002,49.0000002,74405.22117919922
245.0000002,49.0000002,29311.760107421876
249.0000002,49.0000002,17079.394961547852
251.0000002,49.0000002,13785.828656005859
267.0000002,49.0000002,12561.867415237426
269.0000002,49.0000002,17.780789732933044
277.0000002,49.0000002,41.359311485290526
279.0000002,49.0000002,874.2848034858704
281.0000002,49.0000002,2609.856408691406
287.0000002,49.0000002,92708.17947013378
289.0000002,49.0000002,168123.63797469137
295.0000002,49.0000002,65460.33832393288
297.0000002,49.0000002,222.56262741088867
301.0000002,49.0000002,294608.2188924849
303.0000002,49.0000002,182333.95389933587
305.0000002,49.0000002,162706.08923959732
355.0000002,49.0000002,718370.55390625
357.0000002,49.0000002,145816.828125
17.0000002,51.0000002,746245.25
19.0000002,51.0000002,16554425.456249999
21.0000002,51.0000002,8210794.0625
23.0000002,51.0000002,4763944.51484375
25.0000002,51.0000002,3611238.01640625
27.0000002,51.0000002,1234577.588671875
29.0000002,51.0000002,1777209.0607421875
55.0000002,51.0000002,7411.26611328125
57.0000002,51.0000002,2219391.974609375
59.0000002,51.0000002,1085691.6046142578
61.0000002,51.0000002,1297.5611083984375
63.0000002,51.0000002,15135.918627929688
65.0000002,51.0000002,56448.04099121094
67.0000002,51.0000002,92634.57426757812
69.0000002,51.0000002,53281.91469726562
71.0000002,51.0000002,425446.6787109375
73.0000002,51.0000002,73614.83022460938
75.0000002,51.0000002,92384.90561523437
77.0000002,51.0000002,61719.511328125
79.0000002,51.0000002,63721.491015625
81.0000002,51.0000002,1036267.8917968749
83.0000002,51.0000002,1059230.0185546875
85.0000002,51.0000002,1064698.9385253906
87.0000002,51.0000002,152089.1520263672
89.0000002,51.0000002,67274.40717773438
91.0000002,51.0000002,115641.88947753907
93.0000002,51.0000002,281826.72537994385
95.0000002,51.0000002,108415.50541992187
97.0000002,51.0000002,22974.813543701173
99.0000002,51.0000002,20474.95888671875
101.0000002,51.0000002,23589.11078491211
103.0000002,51.0000002,117638.05727539062
105.0000002,51.0000002,248127.29331054687
107.0000002,51.0000002,998682.5626953124
109.0000002,51.0000002,164327.0208984375
111.0000002,51.0000002,98102.85859375
113.0000002,51.0000002,310185.3205078125
115.0000002,51.0000002,301281.71708984376
117.0000002,51.0000002,266121.37983398436
119.0000002,51.0000002,189424.52380371094
121.0000002,51.0000002,323443.6515625
123.0000002,51.0000002,617673.4841796876
125.0000002,51.0000002,152418.5935913086
127.00000019999999,51.0000002,1220804.7866210938
129.0000002,51.0000002,112451.12373046875
131.0000002,51.0000002,709.7947509765625
133.0000002,51.0000002,8717.693212890625
135.0000002,51.0000002,8810.916174316406
137.0000002,51.0000002,1747.4120849609376
155.0000002,51.0000002,16508.498723602293
157.0000002,51.0000002,46151.16400756836
231.0000002,51.0000002,2.7754690647125244
237.0000002,51.0000002,17741.19528503418
239.0000002,51.0000002,590634.0880432129
241.0000002,51.0000002,516342.4983593941
243.0000002,51.0000002,88735.47894477844
245.0000002,51.0000002,3839360.8593048095
247.0000002,51.0000002,105403.99663085937
249.0000002,51.0000002,62277.46059570312
251.0000002,51.0000002,4586.50146484375
263.0000002,51.0000002,874.5689661026001
265.0000002,51.0000002,4723.686368346214
267.0000002,51.0000002,7786.960579824447
269.0000002,51.0000002,1208.2842159748077
271.0000002,51.0000002,508.33072957992556
277.0000002,51.0000002,241.96467280387878
279.0000002,51.0000002,15786.456558990478
281.0000002,51.0000002,9212.034139537811
283.0000002,51.0000002,1717.34890999794
285.0000002,51.0000002,2.828438568115234
287.0000002,51.0000002,7.342612648010254
289.0000002,51.0000002,5.336800861358642
293.0000002,51.0000002,324.5863464355469
295.0000002,51.0000002,44501.768263530736
297.0000002,51.0000002,10797.833808660505
299.0000002,51.0000002,6852.094926834106
301.0000002,51.0000002,10782.153970336913
303.0000002,51.0000002,53583.61169195175
305.0000002,51.0000002,853.38165283203125
355.0000002,51.0000002,620846.8312499999
357.0000002,51.0000002,3881753.665625
1,53.0000002,434825.20625
19.0000002,53.0000002,3007489.665625
21.0000002,53.0000002,8847196.078125
23.0000002,53.0000002,2309929.0132812504
25.0000002,53.0000002,1036116.203125
27.0000002,53.0000002,141417.31406250002
57.0000002,53.0000002,165376.9048828125
59.0000002,53.0000002,861192.4631835937
61.0000002,53.0000002,302829.22705078125
63.0000002,53.0000002,1025132.6688476562
65.0000002,53.0000002,23899.58671875
71.0000002,53.0000002,26096.5306640625
73.0000002,53.0000002,71981.04326171875
75.0000002,53.0000002,115083.71743164063
77.0000002,53.0000002,457582.3431640625
79.0000002,53.0000002,233847.1955078125
81.0000002,53.0000002,492646.0331054687
83.0000002,53.0000002,6987748.519921875
85.0000002,53.0000002,3221931.182421875
87.0000002,53.0000002,7192703.334375
89.0000002,53.0000002,609823.9071044922
91.0000002,53.0000002,1415274.3024414063
93.0000002,53.0000002,129085.79482421876
95.0000002,53.0000002,78274.26564331054
97.0000002,53.0000002,27438.294567871093
101.0000002,53.0000002,4743.07783203125
109.0000002,53.0000002,58741.38950195313
111.0000002,53.0000002,27037.763427734375
113.0000002,53.0000002,599508.6762939453
115.0000002,53.0000002,77076.48818359376
117.0000002,53.0000002,52213.32534179687
119.0000002,53.0000002,20787.646704101564
121.0000002,53.0000002,33723.38454227448
123.0000002,53.0000002,142088.85864257812
125.0000002,53.0000002,147833.96948242188
127.00000019999999,53.0000002,20540.483630371094
131.0000002,53.0000002,468.5129333496094
133.0000002,53.0000002,5674.720452880859
135.0000002,53.0000002,2827.2780006408693
137.0000002,53.0000002,2345.6480514526365
155.0000002,53.0000002,1493.735562133789
157.0000002,53.0000002,9353.37080078125
227.0000002,53.0000002,5774.35348367691
229.0000002,53.0000002,940.2587293624878
231.0000002,53.0000002,2811.826359009743
237.0000002,53.0000002,66146.92497558593
239.0000002,53.0000002,5234.94258465767
241.0000002,53.0000002,37680.784134674075
243.0000002,53.0000002,4180.015717983246
245.0000002,53.0000002,505849.2443359375
247.0000002,53.0000002,696095.0856445313
249.0000002,53.0000002,86820.5842529297
251.0000002,53.0000002,20954.796228027342
253.0000002,53.0000002,12253.124389648438
255.0000002,53.0000002,10676.918865966796
263.0000002,53.0000002,1089.1499534130096
265.0000002,53.0000002,1758.7418334960937
267.0000002,53.0000002,70.68486785888672
277.0000002,53.0000002,8233.654392385482
281.0000002,53.0000002,1862.329931640625
293.0000002,53.0000002,37418.89069703221
357.0000002,53.0000002,5401075.330468751
359.0000002,53.0000002,3777955.45625
55.0000002,55.0000002,100412.84921875
57.0000002,55.0000002,109142.029296875
59.0000002,55.0000002,236723.03203125
61.0000002,55.0000002,1906931.8515625
63.0000002,55.0000002,118937.2326171875
65.0000002,55.0000002,8488.247265625
73.0000002,55.0000002,1457682.4830078124
75.0000002,55.0000002,240156.162109375
77.0000002,55.0000002,314962.0428710938
79.0000002,55.0000002,447332.5322265625
81.0000002,55.0000002,717307.5171386718
83.0000002,55.0000002,11072644.774609376
85.0000002,55.0000002,8903195.045507813
87.0000002,55.0000002,1272853.4361328126
89.0000002,55.0000002,650563.2926757813
91.0000002,55.0000002,189559.04599609374
93.0000002,55.0000002,472720.2133300781
95.0000002,55.0000002,88538.6583984375
97.0000002,55.0000002,44304.50356445312
107.0000002,55.0000002,10877.424133300781
109.0000002,55.0000002,65390.742420959476
111.0000002,55.0000002,29005.870715332032
113.0000002,55.0000002,3041.5832763671874
115.0000002,55.0000002,277.58869018554685
155.0000002,55.0000002,85.41157531738281
225.0000002,55.0000002,36.47006454467773
227.0000002,55.0000002,38370.297203803064
229.0000002,55.0000002,30828.021091318133
231.0000002,55.0000002,56383.59575653076
245.0000002,55.0000002,12140.291015625
247.0000002,55.0000002,33430.067086458206
249.0000002,55.0000002,61934.939865732194
251.0000002,55.0000002,36613.558504104614
253.0000002,55.0000002,4242.107072734832
255.0000002,55.0000002,9776.197073554993
257.0000002,55.0000002,13943.063643169404
259.0000002,55.0000002,4077.8590765953063
261.0000002,55.0000002,18987.61459980011
263.0000002,55.0000002,80.62057189941406
293.0000002,55.0000002,4220.991931867599
357.0000002,55.0000002,383053.4875
55.0000002,57.0000002,472791.44765625
57.0000002,57.0000002,598327.5755859375
59.0000002,57.0000002,2867074.957421875
61.0000002,57.0000002,1725508.28203125
63.0000002,57.0000002,206666.1865234375
71.0000002,57.0000002,14229.508032226562
73.0000002,57.0000002,87427.26220703125
75.0000002,57.0000002,289873.7768066406
77.0000002,57.0000002,197274.7368347168
79.0000002,57.0000002,186479.66857910156
81.0000002,57.0000002,237662.5936401367
83.0000002,57.0000002,515270.6290527344
85.0000002,57.0000002,4975250.731835937
87.0000002,57.0000002,346958.92037353513
89.0000002,57.0000002,547902.7325439453
91.0000002,57.0000002,305779.51071777346
93.0000002,57.0000002,2516576.7797851562
95.0000002,57.0000002,7640.21337890625
107.0000002,57.0000002,8649.014782714843
109.0000002,57.0000002,4833.535357666015
225.0000002,57.0000002,91.72945556640624
227.0000002,57.0000002,2461.4449005126953
229.0000002,57.0000002,2.482120180130005
237.0000002,57.0000002,3.2367169141769407
247.0000002,57.0000002,47.4229019165039
249.0000002,57.0000002,1354.5360946655273
251.0000002,57.0000002,3308.4342163085935
255.0000002,57.0000002,170.30040555000303
257.0000002,57.0000002,3219.282572746277
259.0000002,57.0000002,2958.5047121047974
261.0000002,57.0000002,3191.5601787090304
281.0000002,57.0000002,842.4207763671875
283.0000002,57.0000002,462.9499206542969
55.0000002,59.0000002,137017.10859375
57.0000002,59.0000002,181914.8025390625
59.0000002,59.0000002,295522.5448242187
61.0000002,59.0000002,150242.80703125
63.0000002,59.0000002,38142.51864013672
65.0000002,59.0000002,8028.269738769531
67.0000002,59.0000002,10455.928515625
69.0000002,59.0000002,13975.43458251953
71.0000002,59.0000002,25180.899523925782
73.0000002,59.0000002,155464.7942993164
75.0000002,59.0000002,379885.40317382815
77.0000002,59.0000002,69836.4818359375
79.0000002,59.0000002,60353.59266967773
81.0000002,59.0000002,164097.04907226562
83.0000002,59.0000002,274509.3198181152
85.0000002,59.0000002,93564.78455810547
87.0000002,59.0000002,75223.99670410156
89.0000002,59.0000002,21403.437561035156
91.0000002,59.0000002,138322.18075561523
93.0000002,59.0000002,45272.2216003418
95.0000002,59.0000002,5407.978851318359
97.0000002,59.0000002,19146.12144165039
99.0000002,59.0000002,38394.75256347656
101.0000002,59.0000002,22152.810467529296
103.0000002,59.0000002,1549.19617767334
151.0000002,59.0000002,14.168630790710449
159.0000002,59.0000002,6239.534629440308
161.0000002,59.0000002,1981.5548294067382
163.0000002,59.0000002,1935.1793914794923
165.0000002,59.0000002,301.57840614318843
219.0000002,59.0000002,634.2057285308838
221.0000002,59.0000002,1.7153254747390747
223.0000002,59.0000002,245.55440979003907
233.0000002,59.0000002,17.25696771144867
235.0000002,59.0000002,100.28207635879517
237.0000002,59.0000002,5561.922501206398
239.0000002,59.0000002,5.64479570388794
255.0000002,59.0000002,6.029556918144226
257.0000002,59.0000002,2979.5575927734376
259.0000002,59.0000002,1325.6372802734375
57.0000002,61.0000002,6765.380078125
59.0000002,61.0000002,52759.39545898437
61.0000002,61.0000002,9679.784765625
67.0000002,61.0000002,4043.029296875
69.0000002,61.0000002,29349.188330078126
71.0000002,61.0000002,28164.841796875
73.0000002,61.0000002,55061.708203124996
75.0000002,61.0000002,379178.95786132815
77.0000002,61.0000002,638778.9085632324
79.0000002,61.0000002,373928.0169921875
81.0000002,61.0000002,399149.12514648435
83.0000002,61.0000002,320049.8047424317
85.0000002,61.0000002,135198.20592651368
87.0000002,61.0000002,29921.7828918457
89.0000002,61.0000002,15989.816986083984
91.0000002,61.0000002,5679.68645362854
93.0000002,61.0000002,5949.21622543335
95.0000002,61.0000002,1581.206745529175
97.0000002,61.0000002,1793.1375621795655
99.0000002,61.0000002,4668.9215438842775
101.0000002,61.0000002,3411.0779121398928
103.0000002,61.0000002,3130.3327514648436
105.0000002,61.0000002,2818.947010803223
107.0000002,61.0000002,1318.1761512756348
109.0000002,61.0000002,2468.0923866271974
111.0000002,61.0000002,4994.6527099609375
147.0000002,61.0000002,217.1826171875
161.0000002,61.0000002,798.8373965740204
163.0000002,61.0000002,2738.6555478096006
165.0000002,61.0000002,2998.067845916748
167.0000002,61.0000002,3309.4197425842285
169.0000002,61.0000002,1419.0814025640486
175.0000002,61.0000002,1.4671135902404786
219.0000002,61.0000002,11.461940336227418
221.0000002,61.0000002,64.29845135211944
289.0000002,61.0000002,572.4313232421875
75.0000002,63.0000002,21481.19755859375
77.0000002,63.0000002,140123.333203125
79.0000002,63.0000002,221454.8772705078
81.0000002,63.0000002,301387.15100097656
83.0000002,63.0000002,210421.0811767578
85.0000002,63.0000002,42929.07840270996
87.0000002,63.0000002,9495.515312194824
89.0000002,63.0000002,5224.66975402832
91.0000002,63.0000002,2060.1532451629637
93.0000002,63.0000002,819.1867721557617
95.0000002,63.0000002,1533.846796798706
97.0000002,63.0000002,2072.463311004639
99.0000002,63.0000002,2747.9882579803466
101.0000002,63.0000002,2808.072431945801
103.0000002,63.0000002,3043.1236934661865
105.0000002,63.0000002,2987.0880325317385
107.0000002,63.0000002,3717.7274375915526
109.0000002,63.0000002,22044.67701187134
111.0000002,63.0000002,20081.362054443358
113.0000002,63.0000002,1971.260009765625
143.0000002,63.0000002,1386.6376861572267
145.0000002,63.0000002,3038.0583740234374
147.0000002,63.0000002,4082.8589050292967
149.0000002,63.0000002,4613.34985961914
151.0000002,63.0000002,2456.776745605469
153.0000002,63.0000002,280.08859786987307
155.0000002,63.0000002,290.47753524780273
157.0000002,63.0000002,227.7961196899414
159.0000002,63.0000002,179.56340637207032
161.0000002,63.0000002,599.7077644348144
163.0000002,63.0000002,657.995150756836
165.0000002,63.0000002,401.7182144165039
175.0000002,63.0000002,19.516978073120118
177.0000002,63.0000002,114.91108570098876
179.0000002,63.0000002,201.9852153778076
187.0000002,63.0000002,5472.409375
189.0000002,63.0000002,1961.2279724121092
215.0000002,63.0000002,119.87334623336791
217.0000002,63.0000002,2383.4454619169237
219.0000002,63.0000002,151.01049604415894
291.0000002,63.0000002,36879.18461914062
341.0000002,63.0000002,270.143883228302
343.0000002,63.0000002,1546.8711822509763
79.0000002,65.0000002,2972.731982421875
81.0000002,65.0000002,14223.360986328124
83.0000002,65.0000002,20859.939874267577
85.0000002,65.0000002,10538.533486938477
87.0000002,65.0000002,1195.8656692504883
89.0000002,65.0000002,749.78192138671875
91.0000002,65.0000002,115.04113006591797
93.0000002,65.0000002,382.7009387969971
95.0000002,65.0000002,1590.6456478118896
97.0000002,65.0000002,2070.941963195801
99.0000002,65.0000002,2148.5398010253907
101.0000002,65.0000002,2233.8727531433105
103.0000002,65.0000002,2372.7328018188477
105.0000002,65.0000002,12232.958026123048
107.0000002,65.0000002,70734.07561645508
109.0000002,65.0000002,62429.01839599609
111.0000002,65.0000002,50405.8531616211
113.0000002,65.0000002,22323.782758331297
115.0000002,65.0000002,5528.066862869263
141.0000002,65.0000002,360.88933181762695
143.0000002,65.0000002,1718.9714317321777
145.0000002,65.0000002,1187.6961669921875
147.0000002,65.0000002,1230.3262664794922
149.0000002,65.0000002,2476.18837890625
151.0000002,65.0000002,2112.2652450561523
153.0000002,65.0000002,913.7959846496582
155.0000002,65.0000002,955.2139060974121
157.0000002,65.0000002,1790.8347122192383
159.0000002,65.0000002,1075.6944732666016
161.0000002,65.0000002,1864.520344543457
163.0000002,65.0000002,1654.780860900879
165.0000002,65.0000002,336.8997375488281
183.0000002,65.0000002,999.9852052688599
185.0000002,65.0000002,10472.993223762513
187.0000002,65.0000002,9502.685837554931
189.0000002,65.0000002,1013.8455074310302
191.0000002,65.0000002,147.43689575195313
217.0000002,65.0000002,8.994710803031921
219.0000002,65.0000002,189.95213527679445
335.0000002,65.0000002,2436.0674911499023
337.0000002,65.0000002,6415.331394958496
339.0000002,65.0000002,1040.0696701049806
341.0000002,65.0000002,376.3345817565918
343.0000002,65.0000002,82.65030670166016
93.0000002,67.0000002,405.77562484741213
95.0000002,67.0000002,1287.727912902832
97.0000002,67.0000002,1767.6110164642334
99.0000002,67.0000002,947.487434387207
101.0000002,67.0000002,549.7074306488037
103.0000002,67.0000002,447.07374687194823
105.0000002,67.0000002,1105.1974273681642
107.0000002,67.0000002,10933.214374732972
109.0000002,67.0000002,9456.533544540405
111.0000002,67.0000002,11952.689159584046
113.0000002,67.0000002,4373.583892059326
115.0000002,67.0000002,461.1644067764282
117.0000002,67.0000002,15.208707427978515
141.0000002,67.0000002,659.6590957641602
143.0000002,67.0000002,958.3884780883789
145.0000002,67.0000002,730.2617851257324
147.0000002,67.0000002,848.0612403869629
149.0000002,67.0000002,1160.0753845214845
151.0000002,67.0000002,731.2274963378907
153.0000002,67.0000002,847.4240295410157
155.0000002,67.0000002,1719.646134185791
157.0000002,67.0000002,2669.7646644592287
159.0000002,67.0000002,2510.5489486694337
161.0000002,67.0000002,2600.232199859619
163.0000002,67.0000002,2628.6424713134766
165.0000002,67.0000002,2456.091563415527
167.0000002,67.0000002,1786.2704360961914
169.0000002,67.0000002,1785.6334236145021
171.0000002,67.0000002,1424.2906814575194
173.0000002,67.0000002,232.56876525878906
183.0000002,67.0000002,177.47595825195313
185.0000002,67.0000002,1040.5453826904297
187.0000002,67.0000002,4215.334072875976
189.0000002,67.0000002,1172.9649085998535
293.0000002,67.0000002,17848.082812499997
295.0000002,67.0000002,5091.55057439804
335.0000002,67.0000002,452.9017028808594
337.0000002,67.0000002,2085.1905841827393
95.0000002,69.0000002,24.565223693847656
97.0000002,69.0000002,48.85139389038086
103.0000002,69.0000002,142.01146774291993
105.0000002,69.0000002,516.1121528625488
107.0000002,69.0000002,1540.80537815094
109.0000002,69.0000002,1415.2608749389647
111.0000002,69.0000002,1225.9782148361207
113.0000002,69.0000002,1049.9456516265868
115.0000002,69.0000002,709.3064693450928
117.0000002,69.0000002,461.3426378250122
119.0000002,69.0000002,420.30971603393556
121.0000002,69.0000002,587.4542800903321
123.0000002,69.0000002,284.79372787475586
125.0000002,69.0000002,207.3870491027832
127.00000019999999,69.0000002,632.8718681335449
129.0000002,69.0000002,693.6474998474121
131.0000002,69.0000002,623.3471397399902
133.0000002,69.0000002,1344.3570571899415
135.0000002,69.0000002,1454.1480239868165
137.0000002,69.0000002,1248.7764831542968
139.0000002,69.0000002,1201.943551635742
141.0000002,69.0000002,188.54256362915038
143.0000002,69.0000002,75.4311309814453
145.0000002,69.0000002,120.90195579528809
147.0000002,69.0000002,118.69520835876465
149.0000002,69.0000002,154.6874526977539
155.0000002,69.0000002,170.37104568481448
157.0000002,69.0000002,677.6275283813477
159.0000002,69.0000002,1125.3529830932616
161.0000002,69.0000002,1845.231290435791
163.0000002,69.0000002,1616.3809658050536
165.0000002,69.0000002,1832.4355270385743
167.0000002,69.0000002,2722.2597381591795
169.0000002,69.0000002,2209.240742492676
171.0000002,69.0000002,729.5068374633789
101.0000002,71.0000002,654.4727310180664
103.0000002,71.0000002,2521.709159851074
105.0000002,71.0000002,3496.3436805725096
107.0000002,71.0000002,3584.8018646240234
109.0000002,71.0000002,3381.396266174316
111.0000002,71.0000002,2324.850080680847
113.0000002,71.0000002,2734.15212802887
115.0000002,71.0000002,2264.7833621978757
117.0000002,71.0000002,1121.292038345337
119.0000002,71.0000002,895.5050018310546
121.0000002,71.0000002,1891.1983810424804
123.0000002,71.0000002,2822.7295310974123
125.0000002,71.0000002,2902.4709968566895
127.00000019999999,71.0000002,3517.7265861511232
129.0000002,71.0000002,2715.8578029632567
131.0000002,71.0000002,1965.3000480651856
133.0000002,71.0000002,3431.9362840652466
135.0000002,71.0000002,3282.3531444549562
137.0000002,71.0000002,3537.962537384033
139.0000002,71.0000002,3236.207207489014
141.0000002,71.0000002,1418.7761520385743
143.0000002,71.0000002,870.278789138794
145.0000002,71.0000002,782.4963115692138
147.0000002,71.0000002,787.5098922729492
149.0000002,71.0000002,698.1535598754883
151.0000002,71.0000002,321.4615222930908
153.0000002,71.0000002,34.44273223876953
351.0000002,71.0000002,36.959752798080444
99.0000002,73.0000002,217.6790687561035
101.0000002,73.0000002,998.4366203308106
103.0000002,73.0000002,2223.055320739746
105.0000002,73.0000002,2323.5790260314943
107.0000002,73.0000002,2256.34499835968
109.0000002,73.0000002,2339.1499643325806
111.0000002,73.0000002,3763.275421142578
113.0000002,73.0000002,3567.3559135437013
115.0000002,73.0000002,3787.1918380737307
117.0000002,73.0000002,3151.4346118927
119.0000002,73.0000002,1914.8673880577087
121.0000002,73.0000002,1559.9627883911132
123.0000002,73.0000002,1652.8757736206055
125.0000002,73.0000002,1786.5686729431152
127.00000019999999,73.0000002,1401.9540084838868
129.0000002,73.0000002,476.2155086517334
139.0000002,73.0000002,91.98394165039062
101.0000002,75.0000002,53.832252502441406
103.0000002,75.0000002,138.8795539855957
105.0000002,75.0000002,210.5797508239746
107.0000002,75.0000002,453.5426975250244
109.0000002,75.0000002,389.48829460144043
111.0000002,75.0000002,208.4193344116211
113.0000002,75.0000002,267.81957092285154
59.0000002,79.0000002,8.681476068496703
45.0000002,81.0000002,6.872083395719528
47.0000002,81.0000002,88.98585647344589
49.0000002,81.0000002,96.01442694664001
51.0000002,81.0000002,18.14770543575287
53.0000002,81.0000002,29.07073724269867
55.0000002,81.0000002,66.9152961075306
57.0000002,81.0000002,118.8827486038208
59.0000002,81.0000002,44.53874843120575
61.0000002,81.0000002,20.4257140904665
63.0000002,81.0000002,27.19912134408951
65.0000002,81.0000002,27.642784881591798
